,Count
|,176
data,116
-,99
python,95
:,76
tutorial,76
aws,74
streamlit,59
beginners,57
app,57
using,54
course,54
end,46
build,45
",",45
#,45
),44
(,44
engineering,41
docker,40
airflow,39
web,38
project,36
graph,35
api,34
bioinformatics,33
microsoft,33
2,30
module,28
.,28
engineer,27
sharepoint,27
fundamentals,27
1,24
‚Äì,21
&,21
create,21
rest,21
learning,21
code,20
essentials,20
crash,19
node-red,19
mysql,18
ai,18
full,17
biopython,16
part,16
sql,16
machine,15
langchain,14
sqlalchemy,12
3,12
!,11
analysis,11
end-to-end,10
?,10
practical,10
5,10
analytics,10
],9
s3,9
list,9
[,9
automate,9
building,9
azure,9
nodered,8
6,8
pipeline,8
files,8
apps,8
cloud,8
glue,8
online,8
chatgpt,8
realtime,8
introduction,8
tips,8
excel,8
exercise,7
rosalind,7
openai,7
+,7
use,7
scratch,7
postman,7
4,7
item,7
science,7
access,7
sequence,6
databases,6
get,6
website,6
dna,6
run,6
2.0,6
price,6
vs,6
simple,6
development,6
javascript,6
learn,6
streaming,6
chat,6
lambda,5
12,5
modern,5
minutes,5
power,5
role,5
apache,5
database,5
protein,5
deploy,5
dockerfile,5
free,5
images,5
spark,5
7,5
operator,5
flow,4
step,4
assignment,4
first,4
$,4
started,4
containers,4
online-,4
compose,4
version,4
document,4
tools,4
multiple,4
explorer,4
problem,4
athena,4
kinesis,4
sidebar,4
nodes,4
8,4
hour,4
models,4
blockchain,4
complete,4
relationships,4
youtube,4
one,4
many,4
content,4
css,4
clone,4
working,4
shorts,4
setup,4
model,4
user,4
testing,4
football,4
pyspark,4
google,4
tool,4
ec2,3
set,3
volumes,3
11,3
csv,3
manage,3
getting,3
advanced,3
write,3
terraform,3
install,3
summary,3
git,3
need,3
hub,3
etl,3
react,3
9,3
update,3
sequences,3
analyzing,3
dashboard,3
become,3
20,3
agents,3
r,3
22,3
gui,3
discovery,3
drug,3
stock,3
llms,3
engineers,3
intro,3
pdf,3
iam,3
add,3
beautiful,3
processing,3
environment,3
15,3
transcription,3
coding,3
10,3
portfolio,3
lab,3
read,3
hands-on,3
retrieve,3
13,3
interview,3
file,3
3d,3
messages,3
covid-19,3
large,3
blast,3
container,3
threading,3
multiprocessing,3
smart,3
fastq,3
library,3
storage,3
dag,3
delete,3
projects,3
tricks,3
postgresql,3
mastering,3
context,2
prompt,2
crewai,2
creating,2
beginner,2
26,2
step-by-step,2
pro,2
assemblyai,2
01,2
sns,2
custom,2
tensorflow,2
101,2
flows,2
gemini,2
ep,2
hired,2
html,2
generative,2
language,2
pdfs,2
notion,2
information,2
solidity,2
/,2
minute,2
fastapi,2
2023,2
gc,2
crawler,2
blank,2
platform,2
ncbi,2
counting,2
service,2
apis,2
image,2
kubernetes,2
managing,2
real,2
schema,2
keep,2
classes,2
finding,2
motif,2
pytorch,2
modeling,2
infrastructure,2
structure,2
real-time,2
formatting,2
applications,2
scores,2
quality,2
fasta,2
visualisation,2
search,2
studio,2
alignment,2
message,2
queries,2
programming,2
visual,2
flask,2
tech,2
pairwise,2
24,2
23,2
master,2
via,2
connect,2
understand,2
sharing,2
jenkins,2
relational,2
face,2
heroku,2
hugging,2
big,2
items,2
debug,2
p1,2
swarm,2
pipelines,2
prediction,2
llm,2
top,2
register,2
permissions,2
overview,2
try,2
latest,2
notification,2
configure,2
olympic,2
apply,2
insert,2
interactive,2
active,2
connection,2
test,2
directory,2
make,2
turn,2
questions,2
orm,2
16,2
alternative,2
19,2
calculator,2
hours,2
pandas,2
select,2
pinecone,2
18,2
cryptocurrency,2
integrate,2
inheritance,2
group,2
17,2
21,2
know,2
break,2
sorting,2
msal,2
mins,2
concepts,2
filter,2
bind,2
token,2
14,2
's,2
must,2
sheet,2
core,2
account,1
dark,1
photographs,1
monai,1
healthcare,1
unit,1
instant,1
imaging,1
finally,1
parallel,1
info,1
folders,1
services,1
assign,1
imports,1
scenario,1
pytest,1
objectives,1
concurrently,1
unittest,1
monsters,1
selfies,1
creates,1
30,1
napari,1
theme,1
dapplets,1
contracts,1
uber,1
tokens,1
ethereum,1
üìà,1
expert,1
ad,1
authentication,1
market,1
contract,1
post,1
photo,1
ü•ï,1
kafka,1
weights,1
biases,1
day,1
days,1
keras,1
developers,1
summation,1
manipulation,1
¬´,1
web3,1
tecogan,1
itk,1
request,1
consume,1
extraordinaire,1
help,1
resolution,1
pythonpath,1
scikit-image,1
imp,1
effortlessly,1
12d,1
üöñ,1
exam,1
¬ª,1
consent,1
scopes,1
permission,1
experience,1
formulas,1
types,1
super,1
pl-900,1
wish,1
responses,1
object,1
200k+,1
automated,1
configs,1
sphinx,1
magic,1
documentation,1
episode,1
diagrams,1
tinder,1
awesome,1
developer,1
rebase,1
cherry-picking,1
plotly,1
reflog,1
tokenizer,1
program,1
transformers,1
balance,1
opencv,1
template,1
matching,1
sheets,1
automation,1
extract,1
financial,1
tuning,1
statements,1
alarm,1
bot,1
huggingface,1
sentiment,1
fine,1
submodules,1
professionals,1
control,1
methods,1
commands,1
config,1
volume,1
mount,1
swarm|,1
love,1
dunder,1
decorators,1
linux,1
inheritence,1
steps,1
taught,1
Ôºûdocker,1
Ôºû,1
basic,1
valuation,1
one-click,1
intuitive,1
figma,1
designs,1
a/b,1
case,1
study,1
ml,1
ipl,1
strings,1
twitter,1
slack,1
django,1
celery,1
upstash,1
llamaindex,1
detection,1
game,1
light,1
dominating,1
warehouse,1
design,1
dimensional,1
star,1
talk,1
üî•,1
existing,1
aug,1
mlops,1
production,1
grade,1
structures,1
future,1
dev,1
ethics,1
jupyter_to_medium,1
posts,1
blog,1
vector,1
palm,1
devs,1
bard,1
effortless,1
chroma,1
llama,1
training,1
medium,1
edureka,1
bootcamp,1
publishing,1
jupyter,1
intact,1
notebooks,1
deep,1
w/,1
animations,1
great,1
soup,1
gen,1
llama2,1
behavioral,1
interviews,1
software,1
manager,1
devices,1
chatbot,1
conversational,1
nvidia,1
40,1
jarvis,1
taipy,1
scraping,1
nerfies,1
dynamic,1
go,1
database-driven,1
seamlessly,1
dataframe,1
productive,1
querying,1
open,1
serverless,1
ü§≥,1
gradio,1
interfaces,1
comprehensive,1
programs,1
lite,1
edge,1
üêâ,1
components,1
count,1
classification,1
email,1
failure,1
mean,1
integration,1
elt,1
dying,1
stack,1
orchestration,1
better,1
n't,1
complicated,1
server,1
connectivity,1
function,1
node,1
minio,1
locally,1
dags,1
p10,1
p8,1
scheduler,1
cron,1
expression,1
p9,1
postgres,1
packages,1
example,1
p11,1
sensor,1
p12,1
hooks,1
p13,1
remove,1
penguin,1
basketball,1
bar,1
player,1
spreadsheets,1
customize,1
themes,1
thoughts,1
frameworks,1
pywebio,1
shiny,1
currency,1
converter,1
25,1
finance,1
performance,1
binance,1
28,1
possible,1
contents,1
combining,1
descriptor,1
pomodoro,1
boston,1
housing,1
stocks,1
hyperparameter,1
optimization,1
let,1
multi-page,1
molecular,1
automl,1
avatar,1
maker,1
weekend,1
exploratory,1
profiling,1
backfill,1
catchup,1
p7,1
taskflow,1
gpt3.5,1
fabrication,1
enhance,1
protect,1
privacy,1
socket,1
java,1
scala,1
||,1
emr,1
flink,1
change,1
capture,1
voting,1
system,1
gpt3.5turbo,1
gpt4,1
tableau,1
caching,1
installing,1
parent,1
dockerignore,1
starting,1
stopping,1
layer,1
dockerizing,1
visa,1
robust,1
ci/cd,1
reddit,1
dbt,1
cluster,1
japan,1
city,1
unstructured,1
experienced,1
p3,1
like,1
limit,1
rows,1
order,1
2022,1
installation,1
task,1
infile,1
lifecycle,1
architecture,1
p4,1
bash,1
xcom,1
p6,1
outfile,1
load,1
designing,1
lakehouse,1
datawarehouse,1
estate,1
saving,1
95,1
%,1
cost,1
mac,1
export,1
windows,1
command,1
line,1
drop,1
table,1
import,1
navigation,1
29,1
dropdownlist,1
full-stack,1
chain,1
0.1,1
new,1
embeddings,1
stream,1
gpt-4,1
mistral,1
automating,1
marketing,1
team,1
planning,1
implementing,1
qdrant,1
20gb,1
virtual,1
rag,1
firehose,1
|aws,1
lab|,1
infrequent,1
glacier,1
identity,1
management,1
lab-1,1
trigger,1
time,1
+glue+s3,1
instance,1
type,1
json,1
lab-,1
lab-3,1
theory,1
environments,1
node.js,1
speech-to-text,1
express,1
operations,1
expand-lookup,1
display,1
page,1
download,1
online-retrieve,1
5000,1
crack,1
lookup,1
field,1
column,1
online-client,1
side,1
people,1
picker,1
odata,1
online-upload,1
basics,1
asyncio,1
memory,1
predict,1
cancer,1
seamless,1
interaction,1
asynchronously,1
one-to-many,1
challenge,1
setting,1
behaviour,1
relationship,1
work,1
spfx,1
practice,1
standard,1
amazon,1
playlist,1
1.1.0+,1
esmfold,1
built,1
converting,1
video,1
animated,1
inside,1
channels,1
hackathon,1
ready,1
point,1
mutations,1
calculate,1
two,1
ways,1
nucleotides,1
conference,1
prototype,1
quickly,1
vennlit,1
reproduce,1
styles,1
live,1
resume,1
ft.,1
avra,1
comparing,1
ipyvizzu,1
lists,1
linktree,1
moderation,1
audio,1
together,1
storytelling,1
rna,1
translation,1
consensus,1
deploying,1
career,1
cracking,1
biocode,1
editor,1
wiring,1
editing,1
updated,1
filtering,1
1.1.0,1
configuration,1
subflows,1
routing,1
merging,1
grouping,1
phred,1
length,1
profile,1
performing,1
common,1
ancestor,1
accessing,1
entrez,1
alignment/pairwise2,1
running,1
genome,1
fasta/fastq,1
nglview,1
handling,1
objects,1
plotting,1
lengths,1
matplotlib,1
1/2,1
